StartDate,EndDate,Status,Progress,Duration (in seconds),Finished,RecordedDate,ResponseId,DistributionChannel,UserLanguage,Consent Question,country,I1_Valence,I1_Energy,I2_Valence,I2_Energy,I3_Valence,I3_Energy,I4_Valence,I4_Energy,I5_Valence,I5_Energy,C1_Valence,C1_Energy,C2_Valence,C2_Energy,C3_Valence,C3_Energy,C4_Valence,C4_Energy,C5_Valence,C5_Energy,ME1_Valence,ME1_Energy,ME2_Valence,ME2_Energy,ME3_Valence,ME3_Energy,ME4_Valence,ME4_Energy,ME5_Valence,ME5_Energy,W1_Valence,W1_Energy,W2_Valence,W2_Energy,W3_Valence,W3_Energy,W4_Valence,W4_Energy,W5_Valence,W5_Energy,W6_Valence,W6_Energy,W7_Valence,W7_Energy,W8_Valence,W8_Energy
Start Date,End Date,Response Type,Progress,Duration (in seconds),Finished,Recorded Date,Response ID,Distribution Channel,User Language,"By completing and signing this form, you agree to participate in this study. Do you agree to the details set out in the consent form?",List of Countries,How would you rate this song in terms of valence?,How would you rate this song in terms of energy?,How would you rate this song in terms of valence?,How would you rate this song in terms of energy?,How would you rate this song in terms of valence?,How would you rate this song in terms of energy?,How would you rate this song in terms of valence?,How would you rate this song in terms of energy?,How would you rate this song in terms of valence?,How would you rate this song in terms of energy?,How would you rate this song in terms of valence?,How would you rate this song in terms of energy?,How would you rate this song in terms of valence?,How would you rate this song in terms of energy?,How would you rate this song in terms of valence?,How would you rate this song in terms of energy?,How would you rate this song in terms of valence?,How would you rate this song in terms of energy?,How would you rate this song in terms of valence?,How would you rate this song in terms of energy?,How would you rate this song in terms of valence?,How would you rate this song in terms of energy?,How would you rate this song in terms of valence?,How would you rate this song in terms of energy?,How would you rate this song in terms of valence?,How would you rate this song in terms of energy?,How would you rate this song in terms of valence?,How would you rate this song in terms of energy?,How would you rate this song in terms of valence?,How would you rate this song in terms of energy?,How would you rate this song in terms of valence?,How would you rate this song in terms of energy?,How would you rate this song in terms of valence?,How would you rate this song in terms of energy?,How would you rate this song in terms of valence?,How would you rate this song in terms of energy?,How would you rate this song in terms of valence?,How would you rate this song in terms of energy?,How would you rate this song in terms of valence?,How would you rate this song in terms of energy?,How would you rate this song in terms of valence?,How would you rate this song in terms of energy?,How would you rate this song in terms of valence?,How would you rate this song in terms of energy?,How would you rate this song in terms of valence?,How would you rate this song in terms of energy?
"{""ImportId"":""startDate"",""timeZone"":""America/Denver""}","{""ImportId"":""endDate"",""timeZone"":""America/Denver""}","{""ImportId"":""status""}","{""ImportId"":""progress""}","{""ImportId"":""duration""}","{""ImportId"":""finished""}","{""ImportId"":""recordedDate"",""timeZone"":""America/Denver""}","{""ImportId"":""_recordId""}","{""ImportId"":""distributionChannel""}","{""ImportId"":""userLanguage""}","{""ImportId"":""QID3""}","{""ImportId"":""QID1214656606""}","{""ImportId"":""QID11""}","{""ImportId"":""QID12""}","{""ImportId"":""QID1214628667""}","{""ImportId"":""QID1214628668""}","{""ImportId"":""QID1214628727""}","{""ImportId"":""QID1214628728""}","{""ImportId"":""QID1214628732""}","{""ImportId"":""QID1214628733""}","{""ImportId"":""QID1214628758""}","{""ImportId"":""QID1214628759""}","{""ImportId"":""QID1214631955""}","{""ImportId"":""QID1214631956""}","{""ImportId"":""QID1214631960""}","{""ImportId"":""QID1214631961""}","{""ImportId"":""QID1214637043""}","{""ImportId"":""QID1214637044""}","{""ImportId"":""QID37""}","{""ImportId"":""QID38""}","{""ImportId"":""QID40""}","{""ImportId"":""QID41""}","{""ImportId"":""QID43""}","{""ImportId"":""QID44""}","{""ImportId"":""QID46""}","{""ImportId"":""QID47""}","{""ImportId"":""QID49""}","{""ImportId"":""QID50""}","{""ImportId"":""QID52""}","{""ImportId"":""QID53""}","{""ImportId"":""QID55""}","{""ImportId"":""QID56""}","{""ImportId"":""QID58""}","{""ImportId"":""QID59""}","{""ImportId"":""QID61""}","{""ImportId"":""QID62""}","{""ImportId"":""QID64""}","{""ImportId"":""QID65""}","{""ImportId"":""QID67""}","{""ImportId"":""QID68""}","{""ImportId"":""QID70""}","{""ImportId"":""QID71""}","{""ImportId"":""QID1214656546""}","{""ImportId"":""QID1214656547""}","{""ImportId"":""QID1214656549""}","{""ImportId"":""QID1214656550""}","{""ImportId"":""QID1214656552""}","{""ImportId"":""QID1214656553""}"
2023-12-20 12:02:49,2023-12-20 12:02:56,1,100,6,1,2023-12-20 12:03:00,R_41do0yZCN9NmCy0,preview,EN,2,,,,,,,,,,,,,,,,,,,,,,,,,,,,,,,,,,,,,,,,,,,,,,,
2023-12-21 09:57:38,2023-12-21 10:03:40,0,100,362,1,2023-12-21 10:03:41,R_8flCzRulQxw0sjQ,anonymous,EN,1,United Arab Emirates,5,5,5,6,7,3,5,6,4,5,3,5,6,1,2,1,2,2,5,6,2,7,1,2,10,2,4,7,6,6,2,5,6,7,4,1,3,2,1,7,4,3,5,7,3,2
2023-12-23 06:31:27,2023-12-23 06:35:39,0,100,252,1,2023-12-23 06:35:40,R_3ftPkbemdNZU8Ol,anonymous,EN,1,Yemen,4,1,3,5,4,2,3,3,2,4,3,5,5,4,3,5,2,5,4,4,2,3,2,4,11,1,4,5,4,4,4,3,3,4,2,4,3,5,1,3,2,2,7,6,2,5
2023-12-23 06:37:01,2023-12-23 06:43:56,0,100,414,1,2023-12-23 06:43:57,R_3N1YlljbzCPqwCa,anonymous,EN,1,Viet Nam,6,5,6,7,4,3,5,4,4,5,7,7,5,2,3,2,2,2,5,4,3,3,1,2,8,4,6,6,4,5,4,6,4,7,4,1,5,3,6,6,6,6,6,6,4,4
2023-12-23 06:46:05,2023-12-23 06:53:39,0,100,454,1,2023-12-23 06:53:39,R_5EtyNkhwbfsHa6C,anonymous,EN,1,Slovakia,3,2,4,6,5,5,6,6,5,3,5,6,7,6,7,5,2,3,4,4,4,4,3,5,9,4,6,6,5,3,6,6,5,6,5,2,3,4,5,6,1,1,6,6,5,4
2023-12-23 06:48:35,2023-12-23 06:54:43,0,100,367,1,2023-12-23 06:54:44,R_2PfgojR3o3QmF4R,anonymous,EN,1,Yemen,4,4,4,5,1,1,1,4,1,1,2,2,1,1,1,1,1,1,4,4,5,3,2,2,9,4,2,6,5,5,4,4,5,3,4,1,4,2,5,5,5,6,6,6,4,4
2023-12-23 06:48:38,2023-12-23 06:56:21,0,100,462,1,2023-12-23 06:56:21,R_3NaYh1zmBJ13PaW,anonymous,EN,1,Slovakia,5,6,2,5,6,5,3,7,7,7,6,6,6,4,1,1,3,2,3,5,2,6,2,2,8,4,5,5,4,5,5,6,5,5,2,1,2,2,3,4,5,4,4,5,4,4
2023-12-23 06:51:14,2023-12-23 07:00:21,0,100,547,1,2023-12-23 07:00:22,R_1ilizwDtEhqU6dw,anonymous,EN,1,India,4,5,7,7,3,2,6,5,7,6,7,6,4,1,3,3,4,3,7,6,4,3,3,2,9,4,6,7,5,5,7,6,7,7,4,3,5,5,5,6,7,6,7,7,6,5
2023-12-23 06:55:40,2023-12-23 07:04:06,0,100,505,1,2023-12-23 07:04:06,R_33dceHIiPAOyH6h,anonymous,EN,1,Slovakia,3,3,6,6,5,4,6,6,6,6,6,7,4,6,4,4,4,3,6,7,4,3,5,5,9,5,5,5,5,5,7,6,7,7,5,2,4,2,5,3,6,6,6,6,3,5
2023-12-23 06:50:07,2023-12-23 07:11:52,0,100,1304,1,2023-12-23 07:11:53,R_4pQqHjAmVzkswAe,anonymous,EN,1,Iran,3,3,4,6,2,2,6,6,2,5,6,6,5,3,1,2,2,2,6,7,2,6,2,3,9,3,6,7,2,6,6,6,4,6,1,2,2,5,6,6,3,5,2,7,1,6
2023-12-23 07:04:49,2023-12-23 07:12:00,0,100,430,1,2023-12-23 07:12:02,R_4Yd9BjBIm3LPoM9,anonymous,EN,1,Yemen,4,2,5,7,4,3,4,4,4,4,5,5,4,2,3,1,4,2,4,5,4,4,5,2,9,2,7,5,7,5,6,5,6,4,4,1,4,2,4,5,4,4,7,6,4,5
2023-12-23 07:32:44,2023-12-23 07:37:44,0,100,299,1,2023-12-23 07:37:44,R_5oWdo0wOeTlDPFf,anonymous,EN,1,Netherlands,5,5,5,3,5,3,6,5,6,5,6,6,6,3,5,3,3,2,5,6,5,5,3,3,9,3,5,5,5,5,6,6,5,6,4,4,3,5,2,6,6,6,6,6,5,5
2023-12-23 07:40:01,2023-12-23 07:46:38,0,100,397,1,2023-12-23 07:46:39,R_4SW7Ci4JHCbOG53,anonymous,EN,1,India,6,6,7,7,6,6,7,5,6,6,4,6,4,5,2,2,3,2,5,5,5,6,2,2,9,4,7,7,6,6,4,6,7,7,5,3,3,5,6,7,6,7,7,7,7,7
2023-12-23 07:39:55,2023-12-23 07:46:53,0,100,418,1,2023-12-23 07:46:54,R_3WtZvCNaDDDgyXK,anonymous,EN,1,France,4,3,7,6,4,3,6,5,5,5,6,5,5,3,3,2,3,2,6,6,3,4,3,2,9,3,6,5,5,3,5,3,5,6,4,2,3,2,5,6,7,5,6,6,4,3
2023-12-23 07:54:22,2023-12-23 08:24:13,0,100,1791,1,2023-12-23 08:24:14,R_17KiWrXRqeOPcY1,anonymous,EN,1,Russian Federation,4,4,6,6,5,5,5,6,4,5,5,6,5,5,5,4,4,4,5,6,5,5,4,4,9,5,5,6,4,5,6,6,4,4,4,3,5,5,5,6,6,5,6,6,5,5
2023-12-23 08:42:46,2023-12-23 08:57:41,0,100,894,1,2023-12-23 08:57:42,R_3CKhNbcGWB8iJ0i,anonymous,EN,1,Romania,3,3,5,6,4,3,3,5,4,5,5,6,5,3,4,2,4,2,4,6,2,5,2,3,9,5,4,6,4,5,6,7,6,7,3,1,4,3,3,5,5,5,6,6,3,5
2023-12-23 11:32:56,2023-12-23 11:40:47,0,100,470,1,2023-12-23 11:40:48,R_3Sjdb6hGlF07meA,anonymous,EN,1,Slovakia,5,5,4,6,4,5,5,6,4,5,6,6,5,4,2,3,3,3,5,6,4,4,1,1,8,3,5,5,5,5,5,6,5,6,3,3,5,7,1,1,6,6,3,4,4,5
2023-12-23 12:27:00,2023-12-23 12:34:24,0,100,443,1,2023-12-23 12:34:24,R_11FW8a0WJZha4cF,anonymous,EN,1,Slovakia,4,4,6,6,4,4,6,6,4,6,6,5,5,2,4,4,4,2,4,5,3,5,3,2,9,3,5,4,5,5,5,5,5,5,2,1,3,3,6,6,6,6,7,6,5,6
2023-12-23 14:43:17,2023-12-23 14:52:54,0,100,576,1,2023-12-23 14:52:55,R_1zG1MqcFJ9bdbXz,anonymous,EN,1,Slovakia,4,5,6,6,5,3,6,5,5,5,6,6,5,5,4,5,3,3,5,5,4,5,4,5,9,3,5,6,5,5,7,6,6,6,5,3,4,3,2,4,5,5,6,7,5,6
2023-12-23 15:52:51,2023-12-23 16:01:11,0,100,499,1,2023-12-23 16:01:12,R_2SgNIVQ8DnoUPW9,anonymous,EN,1,Netherlands,6,5,5,5,6,5,6,7,5,6,6,7,7,3,5,2,3,2,4,6,4,7,3,5,9,5,4,7,5,5,6,6,5,6,5,2,6,6,4,5,5,6,6,7,3,6
2023-12-23 21:44:15,2023-12-23 21:51:32,0,100,436,1,2023-12-23 21:51:33,R_4v7iczEGrSo74BD,anonymous,EN,1,Australia,4,3,6,6,3,3,6,5,4,3,5,5,4,2,2,2,2,3,5,5,3,4,2,3,8,2,5,5,5,4,4,4,4,5,2,2,2,2,3,4,4,4,6,7,3,4
2023-12-24 03:03:03,2023-12-24 03:11:46,0,100,523,1,2023-12-24 03:11:47,R_7Yi8b6ce5Rw41Eg,anonymous,EN,1,Somalia,3,3,6,6,3,3,5,5,5,5,5,6,3,2,2,2,3,3,5,4,4,4,2,2,9,4,5,5,5,5,5,5,4,5,1,1,5,5,5,5,6,6,6,6,3,5
2023-12-24 05:53:10,2023-12-24 06:00:54,0,100,464,1,2023-12-24 06:00:55,R_4DqyUI4Ej6UNaYV,anonymous,EN,1,India,2,5,7,7,2,3,6,5,6,5,4,5,2,1,1,1,4,2,4,6,3,3,1,1,7,1,7,6,4,5,6,3,6,6,2,1,4,2,2,6,3,7,7,7,5,6
2023-12-24 09:08:26,2023-12-24 09:13:46,0,100,320,1,2023-12-24 09:13:47,R_5habHOfQLZR0l9N,anonymous,EN,1,India,5,2,7,7,5,2,7,3,5,5,4,7,5,2,3,1,2,2,6,5,3,5,2,2,9,4,7,6,5,3,7,6,3,5,2,1,3,2,6,6,7,7,7,7,6,5
2023-12-26 07:58:51,2023-12-26 08:06:13,0,100,442,1,2023-12-26 08:06:14,R_4YoGXBMrEAxNb7r,anonymous,EN,1,India,6,5,7,7,6,3,4,4,4,4,4,4,4,3,3,2,6,4,4,4,4,4,4,2,9,3,4,6,4,4,4,4,5,6,4,2,6,6,4,6,4,7,7,7,4,5
2023-12-26 22:37:03,2023-12-26 22:43:13,0,100,370,1,2023-12-26 22:43:15,R_4rP1RMJMHjgGUuo,anonymous,EN,1,India,5,4,5,6,3,3,5,4,5,5,5,5,4,4,3,3,3,3,4,4,4,7,3,3,9,4,5,5,5,5,5,5,6,5,4,2,3,3,4,6,5,6,6,6,5,3
2023-12-27 03:37:53,2023-12-27 03:46:29,0,100,515,1,2023-12-27 03:46:30,R_2qW0pZdSA5zBuGe,anonymous,EN,1,Romania,4,5,7,7,2,4,5,6,7,6,7,7,2,1,1,1,3,2,4,7,2,2,2,1,10,5,5,6,4,3,7,6,3,6,1,1,1,3,4,6,4,6,7,7,5,7
2023-12-27 03:54:54,2023-12-27 03:58:54,0,100,239,1,2023-12-27 03:58:54,R_2ZV4EHv3sZ6OWt0,anonymous,EN,1,Romania,4,4,6,6,3,3,6,5,4,4,7,7,2,1,2,2,3,2,6,5,2,3,3,1,6,1,6,7,6,6,6,6,7,7,1,1,3,3,4,6,6,7,5,6,5,5
2023-12-27 03:55:16,2023-12-27 04:04:19,0,100,543,1,2023-12-27 04:04:20,R_7RxvoLkYrWZUx1H,anonymous,EN,1,Netherlands,3,2,7,7,3,2,5,6,3,6,4,5,2,2,4,3,2,2,5,4,2,4,2,1,9,3,5,6,3,4,4,6,2,6,1,1,3,2,3,7,3,7,7,7,4,4
2023-12-27 03:54:43,2023-12-27 04:05:57,0,100,673,1,2023-12-27 04:05:57,R_4YEdv07Nx1NZY2w,anonymous,EN,1,Romania,5,3,7,7,3,2,5,5,3,3,7,7,5,3,1,1,1,1,4,4,1,1,1,1,8,3,7,7,3,4,6,6,5,6,1,1,4,3,5,6,5,5,7,7,7,7
2023-12-27 03:50:35,2023-12-27 04:07:10,0,100,995,1,2023-12-27 04:07:11,R_5Ez35DVLMD37TL2,anonymous,EN,1,Romania,3,2,3,6,6,2,6,5,6,5,6,6,6,1,2,1,2,1,4,2,3,3,1,2,8,2,7,6,5,5,6,6,6,6,3,1,3,2,4,4,2,7,7,7,4,5
2023-12-27 11:40:19,2023-12-27 11:57:48,0,100,1048,1,2023-12-27 11:57:48,R_1uOo1PnQ7z1o5E1,anonymous,EN,1,Netherlands,2,5,5,6,6,3,6,6,5,2,5,6,6,5,4,1,5,2,4,5,3,6,2,3,8,6,5,7,4,6,6,6,6,7,5,1,2,2,6,6,5,6,6,6,3,3
2023-12-28 07:31:31,2023-12-28 07:43:28,0,100,717,1,2023-12-28 07:43:29,R_4LBgceJwbJBQY6E,anonymous,EN,1,Australia,6,5,7,6,4,3,6,5,5,5,6,6,4,2,4,2,2,4,4,5,3,4,2,2,8,3,5,5,6,3,4,5,3,6,2,2,3,4,4,3,3,4,6,7,5,4
2023-12-21 09:51:11,2023-12-21 09:53:29,0,20,137,0,2023-12-28 09:53:38,R_62R4uDyswJFZhKT,anonymous,EN,1,United Arab Emirates,,,,,,,,,6,5,,,,,,,,,,,3,6,2,3,,,,,,,,,,,,,,,,,,,,,,
2023-12-21 12:59:05,2023-12-21 12:59:12,0,4,6,0,2023-12-28 12:59:16,R_3FWQ6JVVBusmdWN,anonymous,EN,1,,,,,,,,,,,,,,,,,,,,,,,,,,,,,,,,,,,,,,,,,,,,,,,
2023-12-28 14:03:58,2023-12-28 14:10:00,0,100,361,1,2023-12-28 14:10:00,R_8hyBcjEr1yR3ceR,anonymous,EN,1,Turkey,2,4,5,6,5,3,5,4,5,4,5,5,2,2,5,2,2,1,5,6,3,3,2,2,8,2,6,6,3,4,6,4,5,4,1,1,3,1,3,3,3,4,5,5,5,3
2023-12-28 14:11:29,2023-12-28 14:11:44,0,100,15,1,2023-12-28 14:11:45,R_4JpSbCVpX68cJ8Z,anonymous,EN,2,,,,,,,,,,,,,,,,,,,,,,,,,,,,,,,,,,,,,,,,,,,,,,,
2023-12-28 17:46:48,2023-12-28 17:57:48,0,100,660,1,2023-12-28 17:57:49,R_7n6JOqWsbDBUqkN,anonymous,EN,1,Peru,3,4,5,5,2,4,4,4,5,5,6,7,3,4,2,3,2,4,5,5,3,5,2,3,8,5,5,5,5,5,7,6,4,6,3,2,3,5,4,6,5,6,5,5,6,7
2023-12-28 20:28:17,2023-12-28 20:40:32,0,100,735,1,2023-12-28 20:40:33,R_4H4KM4ZGvlcfTOx,anonymous,EN,1,India,7,6,7,7,7,6,7,7,7,7,5,5,6,5,5,2,5,3,7,7,5,6,3,2,11,6,7,7,7,6,3,6,3,6,3,3,6,2,2,7,3,7,7,7,6,7
2023-12-29 00:45:30,2023-12-29 00:55:08,0,100,578,1,2023-12-29 00:55:10,R_4SiVoVuwQQnPpM9,anonymous,EN,1,Spain,5,3,5,7,6,2,6,5,6,5,6,7,5,1,3,1,3,2,6,7,2,5,2,3,9,5,6,6,6,5,6,7,2,7,2,1,2,2,2,5,6,6,7,7,6,6
2023-12-29 03:08:30,2023-12-29 03:49:20,0,100,2449,1,2023-12-29 03:49:21,R_4dSqnkFGqLxJ6nw,anonymous,EN,1,Romania,3,4,5,5,4,2,5,5,4,3,5,6,4,4,2,3,5,2,5,5,3,4,2,2,9,6,6,6,3,3,5,7,3,5,4,1,4,4,2,5,5,6,6,6,3,5
2023-12-28 16:12:12,2023-12-29 08:22:31,0,100,58219,1,2023-12-29 08:22:32,R_8TToOc4rzSn5Raz,anonymous,EN,1,Germany,4,4,2,6,6,5,6,5,5,5,6,7,6,6,5,5,4,3,3,5,4,4,5,6,11,5,6,6,5,6,7,6,2,6,3,2,4,4,4,4,4,6,5,6,4,5
2023-12-29 08:36:48,2023-12-29 08:58:42,0,100,1313,1,2023-12-29 08:58:43,R_8OOuzjlw4g0a0jT,anonymous,EN,1,United Kingdom of Great Britain and Northern Ireland,5,5,3,5,6,5,3,6,4,4,4,6,6,4,6,4,3,4,3,6,5,5,5,5,11,4,4,5,4,4,7,4,7,6,7,3,2,4,3,6,2,4,3,6,5,5
2023-12-29 12:14:58,2023-12-29 12:30:45,0,100,947,1,2023-12-29 12:30:46,R_7nUU8ht57Uu2h40,anonymous,EN,1,Germany,4,3,3,4,6,3,6,5,6,4,6,6,6,5,3,3,3,3,5,5,2,6,3,5,9,5,2,2,4,5,6,6,3,6,5,4,3,3,3,6,2,2,4,3,3,4
2023-12-23 06:30:17,2023-12-23 06:32:04,0,3,107,0,2023-12-30 06:32:06,R_3tyDunKO3PCmKQl,anonymous,EN,1,,,,,,,,,,,,,,,,,,,,,,,,,,,,,,,,,,,,,,,,,,,,,,,
2023-12-23 06:32:10,2023-12-23 06:34:15,0,8,124,0,2023-12-30 06:34:18,R_7hrUtwLCLAhTMxH,anonymous,EN,1,,,,,,,,,,,,,,,,,,,,,,,,,,,,,,,,,,,,,,,,,,,,,,,
2023-12-23 06:34:45,2023-12-23 06:35:44,0,8,58,0,2023-12-30 06:35:48,R_1cuTXH040cDFKLm,anonymous,EN,1,Serbia,,,,,,,,,,,,,,,,,,,,,,,,,,,,,,,,,,,,,,,,,,,,,,
2023-12-23 06:43:19,2023-12-23 06:43:40,0,8,21,0,2023-12-30 06:43:41,R_725f3zjJispSitq,anonymous,EN,1,Turkey,,,,,,,,,,,,,,,,,,,,,,,,,,,,,,,,,,,,,,,,,,,,,,
2023-12-23 06:46:02,2023-12-23 06:46:51,0,8,49,0,2023-12-30 06:46:59,R_5ItOhUVzbK8zpjQ,anonymous,EN,1,China,,,,,,,,,,,,,,,,,,,,,,,,,,,,,,,,,,,,,,,,,,,,,,
2023-12-23 06:41:58,2023-12-23 07:00:23,0,20,1105,0,2023-12-30 07:00:32,R_61lHoRaDohrBBRL,anonymous,EN,1,Poland,,,,,,,7,6,,,,,,,,,,,6,6,,,,,,,,,6,5,,,,,,,,,,,,,,,,
2023-12-23 07:06:43,2023-12-23 07:07:20,0,7,37,0,2023-12-30 07:07:24,R_3M4zYDUm8Y9zwCA,anonymous,EN,1,Slovakia,,,,,,,,,,,,,,,,,,,,,,,,,,,,,,,,,,,,,,,,,,,,,,
2023-12-23 07:09:39,2023-12-23 07:15:34,0,84,354,0,2023-12-30 07:15:34,R_7azdlBuBhc8uSiT,anonymous,EN,1,Slovakia,6,3,5,6,6,4,7,5,,,,,6,2,,,3,2,4,5,3,6,3,2,8,4,6,7,3,6,6,4,6,5,5,1,3,2,3,4,,,5,6,4,4
2023-12-23 07:38:03,2023-12-23 07:38:24,0,8,20,0,2023-12-30 07:38:24,R_2FScMjxX6YGQ8JF,anonymous,EN,1,India,,,,,,,,,,,,,,,,,,,,,,,,,,,,,,,,,,,,,,,,,,,,,,
2023-12-30 07:40:50,2023-12-30 08:00:13,0,100,1162,1,2023-12-30 08:00:13,R_6lMOAuoj6my5s5j,anonymous,EN,1,United Kingdom of Great Britain and Northern Ireland,6,6,4,5,5,4,5,5,4,4,6,6,5,4,4,4,2,2,3,5,4,4,3,3,11,6,4,5,6,5,6,6,5,5,5,3,3,3,2,4,4,5,3,5,3,4
2023-12-30 08:51:39,2023-12-30 09:08:44,0,100,1025,1,2023-12-30 09:08:45,R_2YG4VUJ1QISSXIZ,anonymous,EN,1,Germany,4,3,5,6,2,3,5,5,2,5,6,5,4,2,1,2,2,2,4,3,6,5,3,2,7,5,5,6,2,4,6,5,6,5,2,2,2,2,4,5,2,5,2,5,4,5
2023-12-30 09:27:22,2023-12-30 10:37:02,0,100,4180,1,2023-12-30 10:37:02,R_1lvqqzuyIMFauUV,anonymous,EN,1,Germany,4,5,5,5,4,5,7,6,4,4,6,6,6,5,4,3,3,3,5,5,4,4,5,5,10,6,6,6,5,4,7,6,6,6,7,6,5,3,5,5,4,4,4,4,4,4
2023-12-23 11:21:39,2023-12-23 11:28:12,0,60,392,0,2023-12-30 11:28:19,R_7dGWcoLvZfm2kDN,anonymous,EN,1,Slovakia,4,5,6,6,4,4,,,4,4,,,,,,,3,3,,,4,4,1,1,8,4,,,,,,,5,6,3,3,,,1,4,6,6,4,4,,
2023-12-23 11:30:24,2023-12-23 11:30:53,0,8,28,0,2023-12-30 11:30:56,R_3bVQUjiJjuVtoJw,anonymous,EN,1,,,,,,,,,,,,,,,,,,,,,,,,,,,,,,,,,,,,,,,,,,,,,,,
2023-12-23 11:28:47,2023-12-23 11:31:03,0,16,135,0,2023-12-30 11:31:05,R_6sdHC10h2keVJHq,anonymous,EN,1,Slovakia,,,,,,,,,,,,,,,2,4,,,,,,,,,,,,,,,,,,,,,,,,,6,6,,,,
2023-12-30 15:15:13,2023-12-30 15:37:23,0,100,1330,1,2023-12-30 15:37:24,R_2jqD4hKAhcxeXWF,anonymous,EN,1,Morocco,6,3,5,6,2,3,4,5,3,5,6,5,5,2,2,1,3,3,6,4,2,4,2,3,8,3,6,5,6,5,5,5,6,4,6,2,2,2,5,5,5,5,7,6,3,5
2023-12-30 15:40:56,2023-12-30 15:53:35,0,100,759,1,2023-12-30 15:53:36,R_2qCbLYtpNP1U8oE,anonymous,EN,1,Netherlands,5,3,3,6,5,3,5,5,4,4,5,4,6,5,6,4,3,5,4,2,3,5,2,4,9,5,4,4,3,3,2,5,2,5,4,2,2,2,3,3,4,4,3,5,2,3
2023-12-30 15:56:13,2023-12-30 16:03:27,0,100,434,1,2023-12-30 16:03:28,R_7qb10No9VWL2O0b,anonymous,EN,1,Slovenia,5,5,6,6,5,3,6,6,3,5,6,6,5,2,2,2,3,3,5,2,3,3,3,3,7,5,6,6,6,6,6,5,7,7,5,3,3,5,3,7,6,5,6,7,6,3
2023-12-30 15:58:24,2023-12-30 16:05:47,0,100,442,1,2023-12-30 16:05:47,R_3jcBEejnX2ggXVH,anonymous,EN,1,Slovenia,5,5,5,6,5,6,5,5,5,5,6,6,6,5,6,3,5,2,3,5,3,6,2,1,7,5,4,4,5,5,5,5,6,6,2,2,4,3,5,6,6,6,6,6,4,5
2023-12-30 16:11:44,2023-12-30 16:19:10,0,100,445,1,2023-12-30 16:19:10,R_2HNdTKxYsFY2sZr,anonymous,EN,1,Slovenia,5,5,5,6,4,3,5,6,5,5,5,6,5,2,3,2,5,2,5,6,6,6,2,3,8,5,5,6,6,7,5,6,2,5,4,4,2,2,5,7,4,5,7,7,4,6
2023-12-30 16:34:59,2023-12-30 16:43:24,0,100,504,1,2023-12-30 16:43:25,R_211j9vObEANrFm3,anonymous,EN,1,Slovenia,4,2,2,5,6,1,5,3,6,6,3,5,5,2,2,2,1,2,7,7,3,6,5,1,7,2,5,5,3,5,7,6,7,7,5,1,5,5,2,5,1,5,7,7,2,3
2023-12-31 00:05:23,2023-12-31 00:14:34,0,100,551,1,2023-12-31 00:14:35,R_74x7jOJMLpTXVA4,anonymous,EN,1,Slovenia,2,3,3,5,2,2,3,5,5,5,4,6,1,1,1,1,5,2,5,5,1,1,2,1,6,1,6,5,5,3,7,6,4,7,1,1,3,2,3,5,5,5,7,7,4,2
2023-12-31 00:07:28,2023-12-31 00:16:01,0,100,512,1,2023-12-31 00:16:01,R_7nUuQ2G5oMzzUct,anonymous,EN,1,Slovenia,2,3,5,5,4,3,5,5,4,3,5,5,4,3,4,2,4,3,5,6,4,5,2,3,9,4,4,4,4,6,4,4,2,5,6,3,6,6,6,6,5,5,6,7,5,6
2023-12-31 01:33:14,2023-12-31 01:40:02,0,100,408,1,2023-12-31 01:40:03,R_6frF4GpGDnmOiTa,anonymous,EN,1,Slovenia,5,5,6,6,3,2,6,5,6,5,5,5,5,4,4,2,3,4,6,6,5,6,2,2,9,2,6,6,5,5,6,6,3,5,3,4,3,5,5,5,6,6,6,6,3,5
2023-12-31 02:07:23,2023-12-31 02:17:51,0,100,628,1,2023-12-31 02:17:52,R_37Qow6yqwjaQb73,anonymous,EN,1,Netherlands,6,4,6,6,4,4,7,5,5,4,5,5,6,3,6,2,5,3,6,6,5,6,2,3,8,4,6,6,7,5,7,6,2,7,5,2,4,3,4,6,3,6,7,7,6,5
2023-12-31 02:40:40,2023-12-31 03:08:57,0,100,1696,1,2023-12-31 03:08:58,R_7oghTvSOcymtT5T,anonymous,EN,1,Russian Federation,4,5,3,5,5,3,3,4,6,5,6,5,6,3,4,2,4,2,4,4,1,2,2,2,9,1,3,5,3,3,7,6,6,6,4,2,3,4,2,3,3,4,6,6,1,4
2023-12-31 03:09:08,2023-12-31 03:18:10,0,100,541,1,2023-12-31 03:18:11,R_3jq6I0z7fU1krXE,anonymous,EN,1,Russian Federation,4,4,5,5,4,4,5,4,4,5,4,4,5,4,4,4,5,5,4,4,4,4,4,4,9,4,5,4,4,4,7,7,4,5,5,4,5,5,3,5,5,3,6,6,4,4
2023-12-31 04:29:58,2023-12-31 05:01:17,0,100,1878,1,2023-12-31 05:01:18,R_4AMWrEfrH5Fbu64,anonymous,EN,1,Morocco,6,5,7,6,5,5,6,6,6,5,6,6,6,3,4,4,2,3,6,7,6,6,6,2,11,4,6,5,7,6,7,7,7,7,4,4,6,7,5,6,7,7,7,7,7,7
2023-12-31 05:26:49,2023-12-31 05:33:01,0,100,371,1,2023-12-31 05:33:01,R_5CK82eIE0mjOBjt,anonymous,EN,1,Slovenia,3,5,6,6,3,3,6,6,3,4,5,6,4,4,3,4,5,3,4,5,3,5,3,2,8,3,5,6,5,5,5,5,6,6,4,4,7,7,3,6,3,6,7,7,3,4
2023-12-31 06:52:34,2023-12-31 06:59:18,0,100,403,1,2023-12-31 06:59:18,R_1j3tDXGbQ1JpGuh,anonymous,EN,1,Slovenia,6,5,7,7,3,4,5,7,4,5,7,5,6,2,5,2,2,2,5,5,2,2,3,3,11,4,5,6,5,6,7,7,5,6,2,1,2,3,3,6,7,7,7,7,7,6
2023-12-31 08:38:32,2023-12-31 08:45:22,0,100,410,1,2023-12-31 08:45:23,R_8g0FleUr8PuHYMs,anonymous,EN,1,Germany,5,5,5,5,6,6,6,6,4,4,6,6,7,4,7,4,1,6,3,4,1,1,4,4,12,7,4,4,4,4,7,7,1,7,6,5,3,3,2,6,7,7,4,4,4,4
2023-12-31 09:25:30,2023-12-31 09:30:35,0,100,305,1,2023-12-31 09:30:35,R_2pKkhldba9HaMPD,anonymous,EN,1,Slovenia,2,2,5,5,4,2,4,4,2,4,6,6,5,2,2,1,2,2,5,5,3,5,2,1,9,5,6,5,3,4,6,6,6,6,1,1,6,3,5,4,6,6,7,7,3,2
2023-12-28 14:22:45,2023-12-31 11:03:50,0,100,247265,1,2023-12-31 11:03:51,R_3Ls0fpka3eKS2KB,anonymous,EN,1,,4,4,4,4,6,6,4,4,5,5,4,4,4,4,5,5,7,5,4,4,4,4,6,6,9,4,5,5,6,6,4,4,4,4,5,5,6,5,6,6,4,4,5,7,6,5
2023-12-31 11:43:00,2023-12-31 11:51:52,0,100,531,1,2023-12-31 11:51:52,R_29rYBQCL6i0cT3Z,anonymous,EN,1,Slovenia,3,4,5,6,2,3,4,5,3,3,4,5,4,4,3,2,3,3,5,6,3,5,2,4,9,4,5,6,6,6,5,5,4,5,4,3,2,4,4,5,5,5,6,6,4,3
2023-12-31 02:36:46,2024-01-01 04:37:45,0,100,93658,1,2024-01-01 04:37:46,R_51nbwOtS4IxGPVU,anonymous,EN,1,Russian Federation,3,5,7,6,5,6,6,6,6,5,6,6,4,2,3,3,2,3,5,5,3,5,4,4,9,4,7,6,6,6,6,4,2,7,3,3,3,5,5,5,5,6,7,7,6,7
2024-01-01 06:12:32,2024-01-01 06:38:28,0,100,1556,1,2024-01-01 06:38:29,R_1kd05rXfFZFIWiz,anonymous,EN,1,United Kingdom of Great Britain and Northern Ireland,2,3,6,6,6,6,6,6,6,6,7,6,4,2,6,6,2,2,2,6,3,2,2,2,11,6,2,2,3,5,7,6,7,7,6,3,3,2,6,6,6,2,6,6,7,7
2024-01-01 08:30:26,2024-01-01 08:41:41,0,100,675,1,2024-01-01 08:41:42,R_6LBUzreXP7Hr1B9,anonymous,EN,1,Netherlands,6,5,2,6,6,5,7,3,5,5,7,6,6,5,6,2,3,3,2,5,2,5,2,5,8,4,3,5,5,3,3,6,6,7,6,2,3,2,2,6,3,6,3,6,1,3
2024-01-02 01:22:09,2024-01-02 01:29:53,0,100,463,1,2024-01-02 01:29:54,R_4aWECKpDCDzc3uk,anonymous,EN,1,India,7,6,7,7,5,3,6,6,6,5,7,6,6,3,4,2,2,2,5,4,5,6,3,3,9,5,6,7,5,6,7,6,6,6,4,2,3,2,7,7,6,6,7,7,7,6
2023-12-26 07:51:25,2023-12-26 07:51:45,0,8,20,0,2024-01-02 07:51:47,R_7lugYSKXgRV0GQE,anonymous,EN,1,India,,,,,,,,,,,,,,,,,,,,,,,,,,,,,,,,,,,,,,,,,,,,,,
2023-12-26 07:57:34,2023-12-26 07:57:45,0,3,11,0,2024-01-02 07:57:50,R_4JQlcTpQtH18nlW,anonymous,EN,1,,,,,,,,,,,,,,,,,,,,,,,,,,,,,,,,,,,,,,,,,,,,,,,
2023-12-26 23:29:14,2023-12-26 23:29:39,0,7,24,0,2024-01-02 23:29:43,R_4CZQNZyquEheRQa,anonymous,EN,1,India,,,,,,,,,,,,,,,,,,,,,,,,,,,,,,,,,,,,,,,,,,,,,,
2023-12-27 03:50:55,2023-12-27 03:51:57,0,8,62,0,2024-01-03 03:51:59,R_1trOnm26Xjm47V4,anonymous,EN,1,Romania,,,,,,,,,,,,,,,,,,,,,,,,,,,,,,,,,,,,,,,,,,,,,,
2024-01-03 21:18:47,2024-01-03 21:39:44,0,100,1257,1,2024-01-03 21:39:45,R_7ioHaJsoSUakfbr,anonymous,EN,1,Germany,5,5,5,6,3,3,5,5,3,5,6,6,4,2,3,3,4,2,5,6,4,3,4,2,8,5,6,6,6,6,6,6,6,6,3,2,3,4,3,6,5,6,7,7,3,6
2024-01-04 06:49:31,2024-01-04 07:03:26,0,100,835,1,2024-01-04 07:03:27,R_5DDgs1SZql45Cmt,anonymous,EN,1,Slovakia,5,4,5,5,5,3,5,4,5,4,5,6,6,3,6,4,3,2,5,5,4,5,3,2,9,2,6,5,5,3,7,6,7,6,4,1,4,3,4,5,5,4,3,4,6,6
2024-01-04 07:46:51,2024-01-04 07:54:12,0,100,440,1,2024-01-04 07:54:13,R_42UVWwE5yT2h7Ut,anonymous,EN,1,China,3,3,5,5,4,4,4,4,4,4,7,7,5,6,1,1,2,1,5,6,4,4,5,2,8,4,6,6,6,5,5,5,6,6,2,3,3,3,5,6,5,5,6,7,4,4
2024-01-04 08:04:42,2024-01-04 08:13:37,0,100,534,1,2024-01-04 08:13:38,R_1161IhXiSDJYyPA,anonymous,EN,1,Norway,5,3,5,5,2,3,6,6,5,6,7,6,5,2,5,2,2,3,5,6,2,4,2,3,9,5,6,6,6,5,6,6,4,7,2,2,3,2,2,6,7,5,7,7,3,5
2024-01-04 08:30:35,2024-01-04 08:37:30,0,100,414,1,2024-01-04 08:37:30,R_2WGNSGc3nVuyYvv,anonymous,EN,1,Australia,3,4,6,6,2,3,6,5,5,5,5,6,6,1,3,2,1,1,5,5,3,6,1,1,7,2,6,6,6,6,6,7,2,6,1,1,2,1,5,7,6,6,7,7,5,5
2024-01-04 08:55:53,2024-01-04 09:06:00,0,100,607,1,2024-01-04 09:06:01,R_532VDpAxDtx2TSn,anonymous,EN,1,Slovakia,5,5,5,7,5,3,5,6,5,5,5,5,6,4,4,1,5,2,6,6,3,5,3,5,8,3,4,5,4,4,4,6,2,5,2,1,4,2,5,6,3,5,6,7,4,5
2024-01-04 09:34:47,2024-01-04 09:52:16,0,100,1048,1,2024-01-04 09:52:17,R_4zNQvBcHvbkNhXC,anonymous,EN,1,United States of America,3,4,5,6,3,2,5,6,3,2,6,4,4,2,1,1,2,2,3,5,3,3,2,1,7,1,5,5,6,4,6,7,3,3,2,1,2,2,5,5,6,3,7,7,4,4
2024-01-04 09:39:54,2024-01-04 09:59:59,0,100,1204,1,2024-01-04 09:59:59,R_3iPfXyX7dNltLrD,anonymous,EN,1,Slovakia,4,4,6,6,5,3,4,5,4,5,4,3,4,2,4,2,5,3,5,5,4,4,2,3,9,2,5,5,6,6,6,6,5,6,2,2,6,5,4,5,7,7,7,7,5,5
2024-01-04 09:40:13,2024-01-04 10:00:54,0,100,1241,1,2024-01-04 10:00:55,R_8HAiIrizdCSxdwN,anonymous,EN,1,United States of America,5,4,6,7,5,5,5,6,5,4,6,6,5,3,3,2,3,3,4,3,4,4,2,4,8,4,6,5,4,6,4,6,3,5,1,2,7,7,4,6,6,6,7,7,6,6
2023-12-28 14:09:01,2023-12-28 14:09:09,0,4,8,0,2024-01-04 14:09:11,R_4BrFEHjbkvjXzN3,anonymous,EN,1,,,,,,,,,,,,,,,,,,,,,,,,,,,,,,,,,,,,,,,,,,,,,,,
2024-01-04 16:36:38,2024-01-04 16:45:38,0,100,539,1,2024-01-04 16:45:40,R_41LZMsJpniCc9lH,anonymous,EN,1,China,5,5,7,7,3,3,5,5,5,5,7,7,4,4,1,1,2,3,3,3,3,3,2,2,9,4,4,4,5,3,6,6,6,6,4,3,5,3,3,3,4,4,7,6,6,3
2024-01-04 16:56:47,2024-01-04 17:26:31,0,100,1784,1,2024-01-04 17:26:32,R_284Znjc561yv3ih,anonymous,EN,1,Slovakia,6,3,6,6,3,3,6,6,5,4,6,6,5,3,5,2,4,2,6,5,4,3,5,3,8,4,6,5,6,4,5,6,4,6,3,2,5,4,4,6,6,6,6,6,5,6
2023-12-28 13:21:31,2023-12-28 18:39:34,0,4,19083,0,2024-01-04 18:39:37,R_3IbjQ9xgyOlVRlC,anonymous,EN,1,,,,,,,,,,,,,,,,,,,,,,,,,,,,,,,,,,,,,,,,,,,,,,,
2023-12-28 15:58:05,2023-12-29 04:27:37,0,7,44971,0,2024-01-05 04:27:41,R_1Wu6njJMakKg4sZ,anonymous,EN,1,Hungary,,,,,,,,,,,,,,,,,,,,,,,,,,,,,,,,,,,,,,,,,,,,,,
2024-01-05 04:49:08,2024-01-05 05:02:45,0,100,816,1,2024-01-05 05:02:45,R_6PEEF2jJjWe3GFz,anonymous,EN,1,Germany,5,3,7,6,6,5,7,6,6,5,7,6,4,3,1,2,3,4,6,6,4,6,2,3,8,5,3,6,5,5,6,5,7,7,1,2,2,3,2,4,3,4,6,5,2,3
2024-01-05 05:46:07,2024-01-05 05:56:27,0,100,620,1,2024-01-05 05:56:28,R_1NPRFjBvIFEw9tg,anonymous,EN,1,Germany,5,5,3,6,6,5,5,5,3,4,4,7,4,4,3,1,4,4,3,4,1,2,1,4,10,4,2,6,6,6,7,7,2,7,7,1,3,3,1,4,3,5,5,6,5,4
2023-12-29 08:22:42,2023-12-29 08:23:45,0,4,63,0,2024-01-05 08:23:46,R_60NBNDJp9VVbhdi,anonymous,EN,1,,,,,,,,,,,,,,,,,,,,,,,,,,,,,,,,,,,,,,,,,,,,,,,
2023-12-28 12:57:20,2023-12-29 08:32:06,0,8,70485,0,2024-01-05 08:32:09,R_1dbqHqS2zBg5fzX,anonymous,EN,1,Germany,,,,,,,,,,,,,,,,,,,,,,,,,,,,,,,,,,,,,,,,,,,,,,
2023-12-29 12:49:18,2024-01-05 09:04:54,0,100,591335,1,2024-01-05 09:04:54,R_7mk0u8Rnb7evyEm,anonymous,EN,1,Germany,5,3,6,6,5,3,5,5,4,3,5,6,5,5,3,6,5,3,3,5,4,3,3,3,11,5,6,5,5,5,7,7,6,7,5,5,3,3,4,5,4,4,6,6,3,3
2023-12-30 10:21:59,2023-12-30 10:22:33,0,7,33,0,2024-01-06 10:22:34,R_3iCM61C1ggwtziL,anonymous,EN,1,Germany,,,,,,,,,,,,,,,,,,,,,,,,,,,,,,,,,,,,,,,,,,,,,,
2023-12-30 16:14:11,2023-12-30 16:14:37,0,4,25,0,2024-01-06 16:14:38,R_4u2SMORQkKb01r3,anonymous,EN,1,,,,,,,,,,,,,,,,,,,,,,,,,,,,,,,,,,,,,,,,,,,,,,,
2023-12-30 16:21:17,2023-12-30 16:21:31,0,3,14,0,2024-01-06 16:21:35,R_8eXzdivoBeg2Xt3,anonymous,EN,1,,,,,,,,,,,,,,,,,,,,,,,,,,,,,,,,,,,,,,,,,,,,,,,
2023-12-31 03:51:33,2023-12-31 03:51:53,0,3,19,0,2024-01-07 03:51:53,R_87PpXuxdHmm4fLz,anonymous,EN,1,,,,,,,,,,,,,,,,,,,,,,,,,,,,,,,,,,,,,,,,,,,,,,,
2023-12-31 09:53:50,2023-12-31 09:54:36,0,12,46,0,2024-01-07 09:54:41,R_4xjfvxNfEznnM3L,anonymous,EN,1,Slovenia,,,,,,,,,,,,,,,5,2,,,,,,,,,,,,,,,,,,,,,,,,,,,,,,
2024-01-07 10:48:31,2024-01-07 10:57:59,0,100,568,1,2024-01-07 10:58:00,R_4dmw4JjPnlWMw9w,anonymous,EN,1,Germany,3,4,3,5,2,3,7,6,2,5,4,6,5,3,1,2,3,3,4,6,1,5,1,5,8,5,3,3,5,3,6,6,6,6,6,2,2,3,2,6,5,5,7,7,2,5
2024-01-07 11:56:48,2024-01-07 12:08:16,0,100,687,1,2024-01-07 12:08:17,R_8NJj6DonR9sYHhT,anonymous,EN,1,Germany,4,5,7,7,4,5,7,7,6,6,7,7,3,5,2,2,3,3,6,6,7,7,2,4,10,6,6,6,7,7,7,6,7,7,4,3,5,5,5,7,6,6,7,7,6,6
2024-01-07 14:34:28,2024-01-07 14:39:57,0,100,328,1,2024-01-07 14:39:57,R_2EX84Ys0h0kKKNh,anonymous,EN,1,Germany,5,5,4,6,3,3,6,6,5,5,5,5,4,1,2,2,2,3,5,5,3,5,4,2,9,5,6,6,5,4,6,5,4,7,5,1,5,6,3,6,6,6,7,7,5,6
2024-01-09 12:58:08,2024-01-09 13:05:54,0,100,466,1,2024-01-09 13:05:55,R_2el6AwMZCRZaxvj,anonymous,EN,1,Germany,2,6,4,6,5,2,7,5,4,5,6,6,4,1,4,1,2,1,6,6,2,6,3,2,9,2,6,6,4,5,5,5,5,6,1,1,2,2,4,6,1,2,7,6,5,3
2024-01-09 13:16:30,2024-01-09 13:26:44,0,100,614,1,2024-01-09 13:26:45,R_7gETYZR5HvK2DrH,anonymous,EN,1,Germany,5,4,6,5,5,4,6,5,5,3,6,5,5,2,5,2,3,3,6,6,4,5,3,2,9,3,6,5,3,4,5,4,3,4,2,2,3,3,5,6,3,5,6,6,3,4
2024-01-09 13:38:36,2024-01-09 13:45:08,0,100,392,1,2024-01-09 13:45:09,R_2mpUtbrRfeodTJ2,anonymous,EN,1,Germany,6,4,6,6,5,3,5,6,6,5,7,6,7,1,7,2,3,1,4,5,4,5,3,2,11,4,5,6,6,6,6,7,3,5,5,1,3,3,4,5,5,6,5,7,6,6
2024-01-10 09:28:03,2024-01-10 09:39:13,0,100,670,1,2024-01-10 09:39:14,R_8ge9bLZaN4XxDOY,anonymous,EN,1,Germany,6,3,3,7,5,3,4,5,5,3,6,5,5,2,4,4,2,1,5,5,2,3,2,3,8,2,6,5,2,6,6,6,2,6,1,1,5,2,6,7,3,5,7,7,3,6
2024-01-04 07:08:41,2024-01-04 07:09:47,0,8,66,0,2024-01-11 07:09:50,R_8gnMvJcNKkjpdaD,anonymous,EN,1,Slovakia,,,,,,,,,,,,,,,,,,,,,,,,,,,,,,,,,,,,,,,,,,,,,,
2024-01-11 13:41:27,2024-01-11 13:53:14,0,100,706,1,2024-01-11 13:53:14,R_5Vju29N4En4zbo8,anonymous,EN,1,Poland,4,4,7,7,4,3,5,5,5,4,7,7,4,4,5,3,3,5,5,5,4,5,1,1,8,5,5,6,5,5,6,5,7,7,1,3,3,4,6,6,7,5,6,6,5,5
2024-01-11 14:02:22,2024-01-11 14:12:38,0,100,615,1,2024-01-11 14:12:39,R_32wYJm6mwgmmjex,anonymous,EN,1,Netherlands,5,6,7,6,6,2,6,6,5,5,6,6,4,1,2,1,2,2,6,6,1,4,2,4,7,2,6,6,3,6,5,5,7,7,6,1,3,3,2,6,6,5,7,7,2,3
2024-01-04 16:53:01,2024-01-04 16:56:24,0,20,203,0,2024-01-11 16:56:27,R_4Pe0TWnPXZPrxFQ,anonymous,EN,1,Slovakia,,,,,,,,,,,,,,,,,,,,,,,,,,,,,6,5,,,,,,,,,,,3,6,,,3,5
2024-01-12 05:15:32,2024-01-12 05:20:38,0,100,305,1,2024-01-12 05:20:38,R_3QYLwZuiu1XYsUR,anonymous,EN,1,Czech Republic,3,2,6,6,2,2,6,5,5,5,5,3,5,2,3,1,2,2,5,3,5,5,4,3,10,5,5,5,3,5,6,5,5,6,1,1,3,1,5,6,6,6,7,7,5,6
2024-01-11 12:00:16,2024-01-12 15:27:28,0,100,98832,1,2024-01-12 15:27:29,R_2Qzx8q0Eb2AK1YK,anonymous,EN,1,Netherlands,3,3,4,7,5,2,6,5,5,5,6,7,6,2,5,2,2,2,6,6,2,6,2,2,8,3,5,6,4,4,3,6,4,6,6,2,2,2,3,6,2,6,7,7,2,3
2024-01-07 01:19:38,2024-01-07 01:19:54,0,4,16,0,2024-01-14 01:19:59,R_6kVAND4QW2o16vL,anonymous,EN,1,,,,,,,,,,,,,,,,,,,,,,,,,,,,,,,,,,,,,,,,,,,,,,,
2024-01-15 15:21:25,2024-01-15 15:29:51,0,100,505,1,2024-01-15 15:29:51,R_8ooSQICbOm3YvuN,anonymous,EN,1,Poland,2,2,3,6,3,2,5,4,4,3,6,5,4,1,2,1,2,1,5,2,2,2,2,2,9,2,5,5,6,3,7,6,6,6,2,1,2,2,3,6,5,5,7,7,3,3
2024-01-09 13:18:58,2024-01-09 13:22:02,0,24,184,0,2024-01-16 13:22:05,R_2y3hWtAiBih3lWS,anonymous,EN,1,Germany,,,6,5,,,,,,,,,,,,,,,,,,,2,3,,,,,,,,,3,6,,,,,,,,,,,3,3
2024-01-09 14:18:55,2024-01-09 14:19:28,0,3,33,0,2024-01-16 14:19:32,R_8KfhCRYTklDCtmh,anonymous,EN,1,,,,,,,,,,,,,,,,,,,,,,,,,,,,,,,,,,,,,,,,,,,,,,,
2024-01-10 02:36:13,2024-01-10 02:42:15,0,68,362,0,2024-01-17 02:42:16,R_88XNqxKumTdojv3,anonymous,EN,1,Morocco,,,4,6,,,6,5,4,4,7,7,6,5,3,3,,,,,5,6,,,9,4,6,6,,,,,6,6,3,1,3,3,5,6,5,6,6,7,,
2024-01-11 11:44:58,2024-01-11 11:45:07,0,4,8,0,2024-01-18 11:45:08,R_32RZp7aFRDBelLg,anonymous,EN,1,,,,,,,,,,,,,,,,,,,,,,,,,,,,,,,,,,,,,,,,,,,,,,,
2024-01-11 14:13:33,2024-01-11 14:15:21,0,28,107,0,2024-01-18 11:53:33,R_18fjRsELtqTHw1H,anonymous,EN,1,China,5,6,7,6,,,,,5,6,,,,,,,,,5,6,,,,,,,,,,,,,,,3,2,,,,,,,,,,
